{"cameraMode":{"drawMode":0,"name":"Shaded","section":"Shading Mode"},"sceneLighting":false,"audioPlay":false,"sceneViewState":{"m_AlwaysRefresh":false,"showFog":true,"showSkybox":false,"showFlares":true,"showImageEffects":true,"showParticleSystems":true,"showVisualEffectGraphs":true,"m_FxEnabled":true},"in2DMode":false,"pivot":{"x":-2.9700000286102297,"y":2.450000286102295,"z":-3.7780001163482668},"rotation":{"x":0.1090882420539856,"y":-0.05900133028626442,"z":0.006541485898196697,"w":0.9922860264778137},"size":3.2323496341705324,"orthographic":true}