{"cameraMode":{"drawMode":0,"name":"Shaded","section":"Shading Mode"},"sceneLighting":false,"audioPlay":false,"sceneViewState":{"m_AlwaysRefresh":false,"showFog":true,"showSkybox":false,"showFlares":true,"showImageEffects":true,"showParticleSystems":true,"showVisualEffectGraphs":true,"m_FxEnabled":true},"in2DMode":false,"pivot":{"x":2.2692785263061525,"y":2.060347080230713,"z":4.069553375244141},"rotation":{"x":-0.07820810377597809,"y":-0.02332952618598938,"z":0.0018303650431334973,"w":-0.9966652989387512},"size":13.822427749633789,"orthographic":false}