{"cameraMode":{"drawMode":0,"name":"Shaded","section":"Shading Mode"},"sceneLighting":true,"audioPlay":false,"sceneViewState":{"m_AlwaysRefresh":false,"showFog":true,"showSkybox":true,"showFlares":true,"showImageEffects":true,"showParticleSystems":true,"showVisualEffectGraphs":true,"m_FxEnabled":true},"in2DMode":false,"pivot":{"x":0.0000019073486328125,"y":1.7774995565414429,"z":100.00004577636719},"rotation":{"x":0.21475136280059815,"y":-0.466432124376297,"z":0.11790452152490616,"w":0.8499932885169983},"size":1646.099853515625,"orthographic":true}