{"cameraMode":{"drawMode":0,"name":"Shaded","section":"Shading Mode"},"sceneLighting":false,"audioPlay":false,"sceneViewState":{"m_AlwaysRefresh":false,"showFog":true,"showSkybox":false,"showFlares":true,"showImageEffects":true,"showParticleSystems":true,"showVisualEffectGraphs":true,"m_FxEnabled":true},"in2DMode":false,"pivot":{"x":0.10000324249267578,"y":-0.6209607720375061,"z":206.61341857910157},"rotation":{"x":0.09386444836854935,"y":0.9015343189239502,"z":-0.2468978315591812,"w":0.34274250268936159},"size":104.2706069946289,"orthographic":false}