{"cameraMode":{"drawMode":0,"name":"Shaded","section":"Shading Mode"},"sceneLighting":false,"audioPlay":false,"sceneViewState":{"m_AlwaysRefresh":false,"showFog":true,"showSkybox":false,"showFlares":true,"showImageEffects":true,"showParticleSystems":true,"showVisualEffectGraphs":true,"m_FxEnabled":true},"in2DMode":false,"pivot":{"x":0.18999993801116944,"y":0.43992745876312258,"z":4.474000453948975},"rotation":{"x":-0.13486169278621674,"y":0.022884361445903779,"z":-0.003116921056061983,"w":-0.9906034469604492},"size":2.291013717651367,"orthographic":false}