{"cameraMode":{"drawMode":0,"name":"Shaded","section":"Shading Mode"},"sceneLighting":false,"audioPlay":false,"sceneViewState":{"m_AlwaysRefresh":false,"showFog":true,"showSkybox":false,"showFlares":true,"showImageEffects":true,"showParticleSystems":true,"showVisualEffectGraphs":true,"m_FxEnabled":true},"in2DMode":false,"pivot":{"x":-2.130000114440918,"y":1.5900001525878907,"z":2.743000030517578},"rotation":{"x":0.1090882420539856,"y":-0.05900133028626442,"z":0.006541485898196697,"w":0.9922860264778137},"size":2.6098668575286867,"orthographic":true}